{
	"credit": "Made with Blockbench by Almost Reliable",
	"parent": "block/block",
	"textures": {
		"particle": "threng:blocks/machine/machine_top",
		"top": "threng:blocks/machine/machine_top",
		"wall": "threng:blocks/machine/machine_side"
	},
	"elements": [
		{
			"name": "machine_frame",
			"from": [0, 0, 0],
			"to": [16, 16, 16],
			"faces": {
				"east": {"uv": [0, 0, 16, 16], "texture": "#wall"},
				"south": {"uv": [0, 0, 16, 16], "texture": "#wall"},
				"west": {"uv": [0, 0, 16, 16], "texture": "#wall"},
				"up": {"uv": [0, 0, 16, 16], "texture": "#top"},
				"down": {"uv": [0, 0, 16, 16], "texture": "#top"}
			}
		},
		{
			"from": [12, 0, 0],
			"to": [16, 16, 1],
			"faces": {
				"north": {"uv": [0, 0, 4, 16], "texture": "#front"},
				"west": {"uv": [3, 0, 4, 16], "texture": "#front"}
			}
		},
		{
			"from": [4, 0, 0],
			"to": [12, 4, 1],
			"faces": {
				"north": {"uv": [4, 12, 12, 16], "texture": "#front"},
				"up": {"uv": [4, 12, 12, 13], "rotation": 180, "texture": "#front"}
			}
		},
		{
			"from": [4, 4, 0],
			"to": [9, 7, 1],
			"faces": {
				"north": {"uv": [7, 9, 12, 12], "texture": "#front"},
				"east": {"uv": [7, 9, 8, 12], "rotation": 180, "texture": "#front"},
				"up": {"uv": [7, 9, 12, 10], "rotation": 180, "texture": "#front"}
			}
		},
		{
			"from": [0, 0, 0],
			"to": [4, 16, 1],
			"faces": {
				"north": {"uv": [12, 0, 16, 16], "texture": "#front"},
				"east": {"uv": [12, 0, 13, 16], "texture": "#front"}
			}
		},
		{
			"from": [4, 12, 0],
			"to": [12, 16, 1],
			"faces": {
				"north": {"uv": [4, 0, 12, 4], "texture": "#front"},
				"down": {"uv": [4, 3, 12, 4], "rotation": 180, "texture": "#front"}
			}
		},
		{
			"from": [9, 6, 0],
			"to": [12, 7, 1],
			"faces": {
				"north": {"uv": [4, 9, 7, 10], "texture": "#front"},
				"up": {"uv": [4, 9, 7, 10], "rotation": 180, "texture": "#front"},
				"down": {"uv": [4, 9, 7, 10], "texture": "#front"}
			}
		},
		{
			"from": [9, 9, 0],
			"to": [12, 10, 1],
			"faces": {
				"north": {"uv": [4, 6, 7, 7], "texture": "#front"},
				"up": {"uv": [4, 6, 7, 7], "rotation": 180, "texture": "#front"},
				"down": {"uv": [4, 6, 7, 7], "texture": "#front"}
			}
		},
		{
			"from": [4, 9, 0],
			"to": [9, 12, 1],
			"faces": {
				"north": {"uv": [7, 4, 12, 7], "texture": "#front"},
				"east": {"uv": [7, 4, 8, 7], "rotation": 180, "texture": "#front"},
				"down": {"uv": [7, 6, 12, 7], "rotation": 180, "texture": "#front"}
			}
		},
		{
			"from": [6, 7, 0],
			"to": [9, 9, 1],
			"faces": {
				"north": {"uv": [7, 7, 10, 9], "texture": "#front"},
				"east": {"uv": [7, 7, 8, 9], "texture": "#front"},
				"west": {"uv": [9, 7, 10, 9], "texture": "#front"}
			}
		},
		{
			"from": [3, 3, 1],
			"to": [13, 13, 2],
			"faces": {
				"north": {"uv": [3, 3, 13, 13], "texture": "#front"}
			}
		}
	],
	"display": {
		"thirdperson_righthand": {
			"rotation": [-10, 117, -2],
			"translation": [0, 1, 0],
			"scale": [0.4, 0.4, 0.4]
		},
		"thirdperson_lefthand": {
			"rotation": [-10, 117, -2],
			"translation": [0, 1, 0],
			"scale": [0.4, 0.4, 0.4]
		},
		"firstperson_righthand": {
			"rotation": [-10, 117, -2],
			"translation": [0, 1, 0],
			"scale": [0.4, 0.4, 0.4]
		},
		"firstperson_lefthand": {
			"rotation": [-10, 117, -2],
			"translation": [0, 1, 0],
			"scale": [0.4, 0.4, 0.4]
		}
	}
}