{
	"credit": "Made with Blockbench by Almost Reliable",
	"parent": "block/block",
	"textures": {
		"particle": "threng:blocks/machine/machine_top",
		"top": "threng:blocks/machine/machine_top",
		"wall": "threng:blocks/machine/machine_side"
	},
	"elements": [
		{
			"name": "machine_frame",
			"from": [0, 0, 0],
			"to": [16, 16, 16],
			"faces": {
				"east": {"uv": [0, 0, 16, 16], "texture": "#wall"},
				"south": {"uv": [0, 0, 16, 16], "texture": "#wall"},
				"west": {"uv": [0, 0, 16, 16], "texture": "#wall"},
				"up": {"uv": [0, 0, 16, 16], "texture": "#top"},
				"down": {"uv": [0, 0, 16, 16], "texture": "#top"}
			}
		},
		{
			"from": [0, 0, 0],
			"to": [16, 4, 1],
			"faces": {
				"north": {"uv": [0, 12, 16, 16], "texture": "#front"},
				"up": {"uv": [16, 12, 0, 13], "texture": "#front"}
			}
		},
		{
			"from": [0, 12, 0],
			"to": [16, 16, 1],
			"faces": {
				"north": {"uv": [0, 0, 16, 4], "texture": "#front"},
				"down": {"uv": [16, 4, 0, 3], "texture": "#front"}
			}
		},
		{
			"from": [3, 3, 1],
			"to": [13, 13, 2],
			"faces": {
				"north": {"uv": [3, 3, 13, 13], "texture": "#front"}
			}
		},
		{
			"from": [0, 4, 0],
			"to": [4, 12, 1],
			"faces": {
				"north": {"uv": [12, 4, 16, 12], "texture": "#front"},
				"east": {"uv": [12, 4, 13, 12], "texture": "#front"}
			}
		},
		{
			"from": [5, 4, 0],
			"to": [8, 12, 1],
			"faces": {
				"north": {"uv": [8, 4, 11, 12], "texture": "#front"},
				"east": {"uv": [8, 4, 9, 12], "texture": "#front"},
				"west": {"uv": [10, 4, 11, 12], "texture": "#front"}
			}
		},
		{
			"from": [12, 4, 0],
			"to": [16, 12, 1],
			"faces": {
				"north": {"uv": [0, 4, 4, 12], "texture": "#front"},
				"west": {"uv": [3, 4, 4, 12], "texture": "#front"}
			}
		}
	],
	"display": {
		"thirdperson_righthand": {
			"rotation": [-10, 117, -2],
			"translation": [0, 1, 0],
			"scale": [0.4, 0.4, 0.4]
		},
		"thirdperson_lefthand": {
			"rotation": [-10, 117, -2],
			"translation": [0, 1, 0],
			"scale": [0.4, 0.4, 0.4]
		},
		"firstperson_righthand": {
			"rotation": [-10, 117, -2],
			"translation": [0, 1, 0],
			"scale": [0.4, 0.4, 0.4]
		},
		"firstperson_lefthand": {
			"rotation": [-10, 117, -2],
			"translation": [0, 1, 0],
			"scale": [0.4, 0.4, 0.4]
		}
	}
}